name,status,mean_ns,median_ns,stddev_ns,ci95_low_ns,ci95_high_ns,p95_ns,mean_ms,median_ms,stddev_ms,ci95_low_ms,ci95_high_ms,p95_ms,throughput_rps,speedup_vs_ref,target_ms,target_met,error_message
grpc_dispatch_task,ok,588598.7339341148,586286.5890151515,11227.303077918914,586478.0995017737,590792.4879504257,607067.6474972914,0.5885987339341148,0.5862865890151515,0.011227303077918914,0.5864780995017738,0.5907924879504257,0.6070676474972915,1698.9503074805045,1.0,50.0,True,
rest_dispatch_task,ok,36015507.125,35978585.25,138562.99447874253,35990360.74,36045174.67,36243443.25091753,36.015507125,35.97858525,0.13856299447874254,35.99036074,36.04517467,36.24344325091753,27.765817555456678,0.016342925059787416,200.0,True,
